1;axel;venet;kern046@gmail.com;1;0;1993-08-22;2016-06-12 18:52:36
2;axel;venet;kern046@gmail.com;1;0;1993-08-22;2016-06-12 18:52:36
3;axel;venet;kern046@gmail.com;1;0;1993-08-22;2016-06-12 18:52:36
4;axel;venet;kern046@gmail.com;1;0;1993-08-22;2016-06-12 18:52:36
5;axel;venet;kern046@gmail.com;1;0;1993-08-22;2016-06-12 18:52:36
6;axel;venet;kern046@gmail.com;1;0;1993-08-22;2016-06-12 18:52:36
7;axel;venet;kern046@gmail.com;1;0;1993-08-22;2016-06-12 18:52:36
8;axel;venet;kern046@gmail.com;1;0;1993-08-22;2016-06-12 18:52:36
9;axel;venet;kern046@gmail.com;1;0;1993-08-22;2016-06-12 18:52:36
10;axel;venet;kern046@gmail.com;1;0;1993-08-22;2016-06-12 18:52:36
11;axel;venet;kern046@gmail.com;1;0;1993-08-22;2016-06-12 18:52:36
12;axel;venet;kern046@gmail.com;1;0;1993-08-22;2016-06-12 18:52:36
13;axel;venet;kern046@gmail.com;1;0;1993-08-22;2016-06-12 18:52:36
14;axel;venet;kern046@gmail.com;1;0;1993-08-22;2016-06-12 18:52:36
15;axel;venet;kern046@gmail.com;1;0;1993-08-22;2016-06-12 18:52:36
16;axel;venet;kern046@gmail.com;1;0;1993-08-22;2016-06-12 18:52:36
17;axel;venet;kern046@gmail.com;1;0;1993-08-22;2016-06-12 18:52:36